id,firstname,lastname,email,profession
46771,Adelle,Horan,Adelle.Horan@yopmail.com,police officer
54013,Catharine,Suzetta,Catharine.Suzetta@yopmail.com,firefighter
6147,Shirlee,Candy,Shirlee.Candy@yopmail.com,worker
80960,Ottilie,Wind,Ottilie.Wind@yopmail.com,doctor
31220,Bobinette,Martguerita,Bobinette.Martguerita@yopmail.com,developer
88185,Mary,Hortensia,Mary.Hortensia@yopmail.com,firefighter
11168,Melodie,Noelyn,Melodie.Noelyn@yopmail.com,worker
77059,Myriam,Boycey,Myriam.Boycey@yopmail.com,doctor
1768,Tierney,Evangelia,Tierney.Evangelia@yopmail.com,worker
4095,Linet,Rooney,Linet.Rooney@yopmail.com,developer
11665,Carilyn,Rogerio,Carilyn.Rogerio@yopmail.com,doctor
70335,Olivette,Sallyann,Olivette.Sallyann@yopmail.com,worker
33656,Ezmeralda,Elephus,Ezmeralda.Elephus@yopmail.com,worker
66280,Dyann,Blase,Dyann.Blase@yopmail.com,developer
12808,Beatriz,Sparhawk,Beatriz.Sparhawk@yopmail.com,developer
77483,Jaclyn,Clarissa,Jaclyn.Clarissa@yopmail.com,doctor
58518,Lexine,Holtz,Lexine.Holtz@yopmail.com,police officer
59350,Theodora,Phaidra,Theodora.Phaidra@yopmail.com,firefighter
77156,Christal,Salvidor,Christal.Salvidor@yopmail.com,firefighter
10128,Maye,Phi,Maye.Phi@yopmail.com,firefighter
89971,Leanna,Chandler,Leanna.Chandler@yopmail.com,developer
87583,Lacie,McNully,Lacie.McNully@yopmail.com,worker
49509,Ardenia,Aaberg,Ardenia.Aaberg@yopmail.com,doctor
24224,Dyann,An,Dyann.An@yopmail.com,worker
37875,Jenilee,Leopold,Jenilee.Leopold@yopmail.com,firefighter
70697,Kimberley,Jerold,Kimberley.Jerold@yopmail.com,developer
62403,Noelle,Holtz,Noelle.Holtz@yopmail.com,police officer
9794,Joy,Selway,Joy.Selway@yopmail.com,worker
49405,Aimil,Tannie,Aimil.Tannie@yopmail.com,developer
34517,Morganica,Suzetta,Morganica.Suzetta@yopmail.com,worker
82683,Kate,Syd,Kate.Syd@yopmail.com,worker
19656,Jaclyn,Armanda,Jaclyn.Armanda@yopmail.com,doctor
71947,Brena,Amethist,Brena.Amethist@yopmail.com,firefighter
24808,Kylynn,Mauer,Kylynn.Mauer@yopmail.com,doctor
52678,Eugine,Jaylene,Eugine.Jaylene@yopmail.com,developer
93709,Gertrud,Beniamino,Gertrud.Beniamino@yopmail.com,doctor
97914,Selia,Ranjiv,Selia.Ranjiv@yopmail.com,developer
47964,Jennica,Wilkinson,Jennica.Wilkinson@yopmail.com,developer
59755,Nonnah,Irmine,Nonnah.Irmine@yopmail.com,worker
51197,Jordan,Isacco,Jordan.Isacco@yopmail.com,police officer
81687,Rhoda,Fillbert,Rhoda.Fillbert@yopmail.com,worker
22894,Cam,Rolf,Cam.Rolf@yopmail.com,firefighter
78846,Tina,Bigner,Tina.Bigner@yopmail.com,police officer
97640,Karolina,Nester,Karolina.Nester@yopmail.com,worker
36045,Regina,Trey,Regina.Trey@yopmail.com,firefighter
45153,Cyndie,Corrine,Cyndie.Corrine@yopmail.com,doctor
23088,Cristine,Wiener,Cristine.Wiener@yopmail.com,developer
5130,Johna,Clywd,Johna.Clywd@yopmail.com,worker
63395,Albertina,Toor,Albertina.Toor@yopmail.com,firefighter
50885,Tersina,Plato,Tersina.Plato@yopmail.com,doctor
30023,Shaylyn,Dunkin,Shaylyn.Dunkin@yopmail.com,worker
51984,Fred,Frodi,Fred.Frodi@yopmail.com,doctor
55310,Millie,Redmond,Millie.Redmond@yopmail.com,police officer
92010,Barbi,Darrell,Barbi.Darrell@yopmail.com,police officer
91899,Kamilah,Pierette,Kamilah.Pierette@yopmail.com,worker
2613,Tamqrah,Cyrie,Tamqrah.Cyrie@yopmail.com,police officer
77385,Helena,Breed,Helena.Breed@yopmail.com,firefighter
85418,Rebeca,Hanshaw,Rebeca.Hanshaw@yopmail.com,firefighter
99999,Roz,Adlare,Roz.Adlare@yopmail.com,firefighter
32254,Kore,Anderea,Kore.Anderea@yopmail.com,firefighter
85912,Hermione,Adamsen,Hermione.Adamsen@yopmail.com,police officer
42727,Stephanie,Tiffa,Stephanie.Tiffa@yopmail.com,worker
83326,Henriette,Dowski,Henriette.Dowski@yopmail.com,worker
18015,Nonnah,Jillane,Nonnah.Jillane@yopmail.com,police officer
9787,Deedee,Ursulette,Deedee.Ursulette@yopmail.com,developer
67845,Alia,Chesna,Alia.Chesna@yopmail.com,developer
2411,Angelique,Morehouse,Angelique.Morehouse@yopmail.com,firefighter
44720,Adore,Callista,Adore.Callista@yopmail.com,doctor
76730,Coral,Wesle,Coral.Wesle@yopmail.com,firefighter
67404,Linet,Gillan,Linet.Gillan@yopmail.com,worker
72812,Sashenka,Berne,Sashenka.Berne@yopmail.com,worker
67912,Andeee,Donell,Andeee.Donell@yopmail.com,doctor
58114,Emylee,Curren,Emylee.Curren@yopmail.com,firefighter
82602,Ingrid,O'Neill,Ingrid.O'Neill@yopmail.com,doctor
51104,Sophia,Goldina,Sophia.Goldina@yopmail.com,worker
72464,Tomasina,Alrich,Tomasina.Alrich@yopmail.com,police officer
94431,Deane,Maroney,Deane.Maroney@yopmail.com,developer
43536,Kristina,Loleta,Kristina.Loleta@yopmail.com,worker
2599,Gavrielle,Eugenia,Gavrielle.Eugenia@yopmail.com,police officer
1043,Adele,Jerald,Adele.Jerald@yopmail.com,developer
33023,Lulita,Thema,Lulita.Thema@yopmail.com,developer
99903,Elbertina,Monaco,Elbertina.Monaco@yopmail.com,developer
96433,Joy,Oriana,Joy.Oriana@yopmail.com,worker
82858,Modestia,Rogerio,Modestia.Rogerio@yopmail.com,worker
96060,Susan,Ricki,Susan.Ricki@yopmail.com,worker
90431,Lindie,Hashim,Lindie.Hashim@yopmail.com,worker
39701,Elie,Anselmi,Elie.Anselmi@yopmail.com,police officer
67009,Kaja,Wilona,Kaja.Wilona@yopmail.com,doctor
56771,Flory,Ciapas,Flory.Ciapas@yopmail.com,firefighter
93722,Tami,Haerr,Tami.Haerr@yopmail.com,firefighter
20680,Mahalia,Franza,Mahalia.Franza@yopmail.com,worker
80369,Sindee,Cressida,Sindee.Cressida@yopmail.com,developer
25692,Aryn,Rad,Aryn.Rad@yopmail.com,firefighter
69974,Fanny,Imelida,Fanny.Imelida@yopmail.com,firefighter
90214,Adelle,Kylander,Adelle.Kylander@yopmail.com,police officer
2314,Ruthe,Persse,Ruthe.Persse@yopmail.com,firefighter
53742,Eve,Klemperer,Eve.Klemperer@yopmail.com,police officer
58264,Rosaline,Kiyoshi,Rosaline.Kiyoshi@yopmail.com,police officer
55528,Ginnie,Hepsibah,Ginnie.Hepsibah@yopmail.com,developer
86679,Gabriellia,Bevin,Gabriellia.Bevin@yopmail.com,firefighter
94814,Emmey,Ophelia,Emmey.Ophelia@yopmail.com,police officer
17154,Annora,Erskine,Annora.Erskine@yopmail.com,firefighter
61122,Henriette,Zaslow,Henriette.Zaslow@yopmail.com,worker
31444,Bobinette,Gilbertson,Bobinette.Gilbertson@yopmail.com,developer
78243,Lynnea,Lasley,Lynnea.Lasley@yopmail.com,worker
23103,Lacie,Kellby,Lacie.Kellby@yopmail.com,firefighter
59594,Kimmy,Ummersen,Kimmy.Ummersen@yopmail.com,police officer
53474,Sibella,Mott,Sibella.Mott@yopmail.com,worker
46291,Harmonia,Karl,Harmonia.Karl@yopmail.com,firefighter
27099,Brana,Rebecka,Brana.Rebecka@yopmail.com,doctor
39111,Kirbee,Gerge,Kirbee.Gerge@yopmail.com,doctor
95065,Merci,Casimir,Merci.Casimir@yopmail.com,firefighter
7526,Wendi,Bobbee,Wendi.Bobbee@yopmail.com,police officer
3034,Kenna,Thornburg,Kenna.Thornburg@yopmail.com,firefighter
42752,Claudina,Sadowski,Claudina.Sadowski@yopmail.com,worker
63962,Ariela,Daveta,Ariela.Daveta@yopmail.com,doctor
46300,Jolyn,Leffen,Jolyn.Leffen@yopmail.com,developer
59917,Bernardine,Kirstin,Bernardine.Kirstin@yopmail.com,firefighter
84457,Cherilyn,Genna,Cherilyn.Genna@yopmail.com,worker
54030,Pearline,Joli,Pearline.Joli@yopmail.com,worker
29426,Anthia,Lia,Anthia.Lia@yopmail.com,developer
24235,Roseline,Kimmie,Roseline.Kimmie@yopmail.com,doctor
76965,Andeee,Ilka,Andeee.Ilka@yopmail.com,doctor
46988,Alia,Land,Alia.Land@yopmail.com,doctor
18448,Estell,Etom,Estell.Etom@yopmail.com,doctor
27412,Latisha,Autrey,Latisha.Autrey@yopmail.com,police officer
82109,Ardenia,Georgy,Ardenia.Georgy@yopmail.com,worker
98331,Lusa,Dominy,Lusa.Dominy@yopmail.com,police officer
7815,Kelly,Stevy,Kelly.Stevy@yopmail.com,firefighter
98938,Mathilda,Anestassia,Mathilda.Anestassia@yopmail.com,worker
20134,Modestia,Ramona,Modestia.Ramona@yopmail.com,developer
89564,Starla,Baudin,Starla.Baudin@yopmail.com,firefighter
47201,Jerry,Norrie,Jerry.Norrie@yopmail.com,developer
62203,Gretal,Cutlerr,Gretal.Cutlerr@yopmail.com,worker
16417,Dorene,Maisey,Dorene.Maisey@yopmail.com,police officer
11878,Karena,Santoro,Karena.Santoro@yopmail.com,police officer
27923,Konstance,Reneta,Konstance.Reneta@yopmail.com,worker
64491,Sarette,Darrell,Sarette.Darrell@yopmail.com,police officer
9527,Karlee,Merriott,Karlee.Merriott@yopmail.com,worker
63838,Joane,Buckler,Joane.Buckler@yopmail.com,doctor
97672,Siana,Nedrud,Siana.Nedrud@yopmail.com,doctor
22192,Ashlee,Raama,Ashlee.Raama@yopmail.com,police officer
51649,Karlee,Kravits,Karlee.Kravits@yopmail.com,developer
21355,Emma,Roumell,Emma.Roumell@yopmail.com,developer
81157,Karolina,Juliet,Karolina.Juliet@yopmail.com,firefighter
41758,Jaclyn,Papageno,Jaclyn.Papageno@yopmail.com,doctor
4100,Alie,Allys,Alie.Allys@yopmail.com,worker
82942,Adriana,Kronfeld,Adriana.Kronfeld@yopmail.com,developer
60942,Ruthe,McCutcheon,Ruthe.McCutcheon@yopmail.com,doctor
36829,Nelle,Odysseus,Nelle.Odysseus@yopmail.com,developer
66838,Karolina,Leifeste,Karolina.Leifeste@yopmail.com,doctor
94627,Linzy,Riva,Linzy.Riva@yopmail.com,doctor
71656,Cindelyn,Maiah,Cindelyn.Maiah@yopmail.com,doctor
52515,Priscilla,Whittaker,Priscilla.Whittaker@yopmail.com,worker
50395,Hollie,Rubie,Hollie.Rubie@yopmail.com,developer
92824,Margalo,Krystle,Margalo.Krystle@yopmail.com,doctor
49529,Rivalee,Noelyn,Rivalee.Noelyn@yopmail.com,worker
87651,Odessa,Rheingold,Odessa.Rheingold@yopmail.com,firefighter
10707,Viviene,Milde,Viviene.Milde@yopmail.com,developer
6974,Meg,Oster,Meg.Oster@yopmail.com,police officer
22584,Marylou,Durware,Marylou.Durware@yopmail.com,doctor
9310,Joane,Laverne,Joane.Laverne@yopmail.com,worker
58540,Claresta,Hylan,Claresta.Hylan@yopmail.com,worker
70561,Stevana,Ardeha,Stevana.Ardeha@yopmail.com,worker
39208,Ariela,Hanleigh,Ariela.Hanleigh@yopmail.com,police officer
16391,Lindie,Bury,Lindie.Bury@yopmail.com,police officer
75222,Lexine,Bashemeth,Lexine.Bashemeth@yopmail.com,doctor
80160,Brena,Loleta,Brena.Loleta@yopmail.com,worker
95030,Berta,Irmine,Berta.Irmine@yopmail.com,developer
35636,Fina,Rad,Fina.Rad@yopmail.com,doctor
79038,June,Firmin,June.Firmin@yopmail.com,doctor
73996,Nikki,Maples,Nikki.Maples@yopmail.com,doctor
13098,Cathie,Giff,Cathie.Giff@yopmail.com,worker
1706,Anica,Macey,Anica.Macey@yopmail.com,worker
4855,Dulcinea,Lanita,Dulcinea.Lanita@yopmail.com,worker
74956,Kathy,Wadell,Kathy.Wadell@yopmail.com,police officer
27735,Karolina,Martguerita,Karolina.Martguerita@yopmail.com,developer
35978,Michaelina,Rodmann,Michaelina.Rodmann@yopmail.com,doctor
20053,Winny,Joeann,Winny.Joeann@yopmail.com,developer
11984,Meghann,Federica,Meghann.Federica@yopmail.com,doctor
74270,Atlanta,Brittani,Atlanta.Brittani@yopmail.com,police officer
61443,Correy,Nicoline,Correy.Nicoline@yopmail.com,police officer
68541,Angelique,Kendrick,Angelique.Kendrick@yopmail.com,doctor
67406,Dianemarie,Evvie,Dianemarie.Evvie@yopmail.com,doctor
79838,Lucille,Raul,Lucille.Raul@yopmail.com,doctor
38037,Marcelline,Palocz,Marcelline.Palocz@yopmail.com,developer
39948,Charissa,Posner,Charissa.Posner@yopmail.com,police officer
35157,Robbi,Zamora,Robbi.Zamora@yopmail.com,developer
26826,Caressa,Tjon,Caressa.Tjon@yopmail.com,developer
27651,Ebonee,Edee,Ebonee.Edee@yopmail.com,worker
66883,Brietta,Larochelle,Brietta.Larochelle@yopmail.com,police officer
56875,Allyce,Maurine,Allyce.Maurine@yopmail.com,doctor
28858,Deedee,Sigfrid,Deedee.Sigfrid@yopmail.com,doctor
96823,Coral,Erb,Coral.Erb@yopmail.com,doctor
44834,Susette,Bibi,Susette.Bibi@yopmail.com,doctor
77799,Sashenka,Sasnett,Sashenka.Sasnett@yopmail.com,firefighter
27583,Madeleine,Berl,Madeleine.Berl@yopmail.com,worker
64693,Libbie,Merriott,Libbie.Merriott@yopmail.com,worker
47450,Judy,Bashemeth,Judy.Bashemeth@yopmail.com,worker
17527,Edee,Glovsky,Edee.Glovsky@yopmail.com,worker
56194,Rozele,Zenas,Rozele.Zenas@yopmail.com,doctor
21035,Cathyleen,Rolf,Cathyleen.Rolf@yopmail.com,developer
62020,Aryn,Hewitt,Aryn.Hewitt@yopmail.com,worker
44289,Ekaterina,Eben,Ekaterina.Eben@yopmail.com,doctor
75710,Sibella,Sperling,Sibella.Sperling@yopmail.com,police officer
36910,Laure,Bonucci,Laure.Bonucci@yopmail.com,firefighter
76304,Ofilia,Alabaster,Ofilia.Alabaster@yopmail.com,doctor
8472,Carol-Jean,Morrill,Carol-Jean.Morrill@yopmail.com,worker
55644,Sonni,Selway,Sonni.Selway@yopmail.com,developer
11484,Molli,Jacqui,Molli.Jacqui@yopmail.com,firefighter
56295,Teriann,Adalbert,Teriann.Adalbert@yopmail.com,doctor
65916,Ulrike,MacIntosh,Ulrike.MacIntosh@yopmail.com,doctor
87019,Jenilee,Standing,Jenilee.Standing@yopmail.com,police officer
71502,Fanchon,Laverne,Fanchon.Laverne@yopmail.com,worker
99016,Elbertina,Sigfrid,Elbertina.Sigfrid@yopmail.com,worker
10129,Christian,Frodi,Christian.Frodi@yopmail.com,doctor
59626,Nataline,Kylander,Nataline.Kylander@yopmail.com,developer
27647,Donetta,Sabella,Donetta.Sabella@yopmail.com,police officer
11433,Queenie,Bethany,Queenie.Bethany@yopmail.com,worker
54485,Philis,Stoller,Philis.Stoller@yopmail.com,worker
53979,Babita,Voletta,Babita.Voletta@yopmail.com,doctor
74931,Malina,Pattin,Malina.Pattin@yopmail.com,police officer
48773,Mildrid,Nicoline,Mildrid.Nicoline@yopmail.com,firefighter
57957,Natka,Poppy,Natka.Poppy@yopmail.com,police officer
19307,Teriann,Terrence,Teriann.Terrence@yopmail.com,firefighter
9958,Linet,Ashely,Linet.Ashely@yopmail.com,worker
37722,Oona,Marlie,Oona.Marlie@yopmail.com,worker
94897,Tersina,Chem,Tersina.Chem@yopmail.com,doctor
86254,Angela,My,Angela.My@yopmail.com,worker
33001,Sashenka,Kolnick,Sashenka.Kolnick@yopmail.com,developer
30102,Petronia,Othilia,Petronia.Othilia@yopmail.com,doctor
58336,Nelle,Firmin,Nelle.Firmin@yopmail.com,police officer
19778,Rebeca,Pernick,Rebeca.Pernick@yopmail.com,developer
32300,Tonia,Konyn,Tonia.Konyn@yopmail.com,firefighter
98129,Marinna,Sholley,Marinna.Sholley@yopmail.com,police officer
3398,Ivett,Mehalek,Ivett.Mehalek@yopmail.com,worker
35446,Corene,Ax,Corene.Ax@yopmail.com,firefighter
57051,Jacquetta,Zina,Jacquetta.Zina@yopmail.com,worker
59648,Petronia,Eldrid,Petronia.Eldrid@yopmail.com,firefighter
93051,Jessamyn,Ophelia,Jessamyn.Ophelia@yopmail.com,developer
60290,Lily,Pascia,Lily.Pascia@yopmail.com,worker
26697,Renae,Carlson,Renae.Carlson@yopmail.com,worker
37958,Fawne,Jenness,Fawne.Jenness@yopmail.com,police officer
93385,Bee,Ulphia,Bee.Ulphia@yopmail.com,firefighter
77913,Anallese,Eiser,Anallese.Eiser@yopmail.com,doctor
24810,Delilah,Cherianne,Delilah.Cherianne@yopmail.com,developer
65529,Isa,Peonir,Isa.Peonir@yopmail.com,firefighter
14507,Mathilda,Kevon,Mathilda.Kevon@yopmail.com,doctor
19636,Evaleen,Marijo,Evaleen.Marijo@yopmail.com,worker
26276,Delilah,Donoghue,Delilah.Donoghue@yopmail.com,firefighter
85449,Elvira,Janith,Elvira.Janith@yopmail.com,worker
75558,Nikki,Muriel,Nikki.Muriel@yopmail.com,worker
9848,Cissiee,Jerald,Cissiee.Jerald@yopmail.com,firefighter
83211,Jacenta,Mallon,Jacenta.Mallon@yopmail.com,police officer
84670,Evita,Hachmin,Evita.Hachmin@yopmail.com,doctor
47802,Sarette,Sherrie,Sarette.Sherrie@yopmail.com,firefighter
31480,Evaleen,Shirberg,Evaleen.Shirberg@yopmail.com,developer
51192,Kristan,Sikorski,Kristan.Sikorski@yopmail.com,police officer
28923,Mahalia,Ackerley,Mahalia.Ackerley@yopmail.com,developer
3383,Bobinette,Smitt,Bobinette.Smitt@yopmail.com,worker
60523,Elora,Peonir,Elora.Peonir@yopmail.com,doctor
66631,Gloria,Sadowski,Gloria.Sadowski@yopmail.com,worker
93478,Joelly,Ephrem,Joelly.Ephrem@yopmail.com,police officer
44485,Sidoney,Rossner,Sidoney.Rossner@yopmail.com,doctor
20728,Aigneis,Alwin,Aigneis.Alwin@yopmail.com,doctor
52817,Mariele,Mathilde,Mariele.Mathilde@yopmail.com,developer
49702,Julieta,Berard,Julieta.Berard@yopmail.com,doctor
73073,Daryl,Verger,Daryl.Verger@yopmail.com,doctor
87972,Jany,Paton,Jany.Paton@yopmail.com,doctor
16782,Marleah,Ariella,Marleah.Ariella@yopmail.com,doctor
56218,Johna,Hortensia,Johna.Hortensia@yopmail.com,police officer
58031,Ayn,Kristi,Ayn.Kristi@yopmail.com,firefighter
46766,Lorne,Yorick,Lorne.Yorick@yopmail.com,firefighter
62901,Kaja,Oriana,Kaja.Oriana@yopmail.com,firefighter
90309,Deedee,Wadell,Deedee.Wadell@yopmail.com,police officer
80619,Marcy,Astra,Marcy.Astra@yopmail.com,developer
55921,Lenna,Dearborn,Lenna.Dearborn@yopmail.com,developer
87701,Netty,Rosette,Netty.Rosette@yopmail.com,worker
58525,Cherrita,Skell,Cherrita.Skell@yopmail.com,police officer
1564,Mady,Yusuk,Mady.Yusuk@yopmail.com,doctor
40373,Charmaine,Gibbeon,Charmaine.Gibbeon@yopmail.com,police officer
89798,Alyda,Elbertina,Alyda.Elbertina@yopmail.com,police officer
60419,Elmira,Hashim,Elmira.Hashim@yopmail.com,police officer
58531,Marcy,Pattin,Marcy.Pattin@yopmail.com,worker
1851,Stevana,Raul,Stevana.Raul@yopmail.com,doctor
3593,Melanie,Brodench,Melanie.Brodench@yopmail.com,firefighter
97707,Roz,McNully,Roz.McNully@yopmail.com,worker
92926,Candy,Chaing,Candy.Chaing@yopmail.com,police officer
30760,Jasmina,Engdahl,Jasmina.Engdahl@yopmail.com,doctor
37481,Talya,Rossner,Talya.Rossner@yopmail.com,police officer
21985,Hannis,Noman,Hannis.Noman@yopmail.com,worker
93944,Ulrike,Casimir,Ulrike.Casimir@yopmail.com,doctor
43538,Frieda,Moina,Frieda.Moina@yopmail.com,police officer
38951,Gisela,Charity,Gisela.Charity@yopmail.com,doctor
82065,Florencia,Vharat,Florencia.Vharat@yopmail.com,developer
24634,Gwyneth,Berl,Gwyneth.Berl@yopmail.com,firefighter
26537,Jsandye,Naor,Jsandye.Naor@yopmail.com,developer
27008,Dominga,Read,Dominga.Read@yopmail.com,doctor
39486,Valeda,Narton,Valeda.Narton@yopmail.com,developer
24952,Flory,Bultman,Flory.Bultman@yopmail.com,developer
5237,Viviene,Flita,Viviene.Flita@yopmail.com,firefighter
21754,Susette,Stevy,Susette.Stevy@yopmail.com,developer
59405,Kerrin,Afton,Kerrin.Afton@yopmail.com,firefighter
88182,Malina,Yam,Malina.Yam@yopmail.com,police officer
42227,Leanna,Jammal,Leanna.Jammal@yopmail.com,firefighter
5233,Talya,Hessler,Talya.Hessler@yopmail.com,worker
40220,Chloris,Fadiman,Chloris.Fadiman@yopmail.com,doctor
83798,Bettine,Grobe,Bettine.Grobe@yopmail.com,developer
17629,Correy,Brunell,Correy.Brunell@yopmail.com,developer
14442,Krystle,Ardeha,Krystle.Ardeha@yopmail.com,firefighter
7830,Corry,Milson,Corry.Milson@yopmail.com,police officer
86404,Linet,Adamsen,Linet.Adamsen@yopmail.com,developer
4882,Atlanta,Cadmar,Atlanta.Cadmar@yopmail.com,worker
69989,Gabriellia,Seligman,Gabriellia.Seligman@yopmail.com,worker
71915,Luci,Jarib,Luci.Jarib@yopmail.com,police officer
59533,Mignon,Monk,Mignon.Monk@yopmail.com,worker
87767,Nananne,Zaslow,Nananne.Zaslow@yopmail.com,firefighter
86810,Cathyleen,Loleta,Cathyleen.Loleta@yopmail.com,doctor
72625,Rosanne,Zrike,Rosanne.Zrike@yopmail.com,firefighter
18844,Luci,Lutero,Luci.Lutero@yopmail.com,doctor
80014,Olivette,Cadmar,Olivette.Cadmar@yopmail.com,doctor
51130,Addia,Vernier,Addia.Vernier@yopmail.com,police officer
26231,Carmencita,Sammons,Carmencita.Sammons@yopmail.com,doctor
82696,Myrtice,Papageno,Myrtice.Papageno@yopmail.com,developer
58256,Oralee,Mallon,Oralee.Mallon@yopmail.com,worker
74443,Bernardine,Milde,Bernardine.Milde@yopmail.com,police officer
91542,Adele,Tomasina,Adele.Tomasina@yopmail.com,police officer
76694,Claudina,Radu,Claudina.Radu@yopmail.com,firefighter
63101,Christy,Milson,Christy.Milson@yopmail.com,developer
82995,Teddie,Urania,Teddie.Urania@yopmail.com,police officer
88028,Genevra,Breed,Genevra.Breed@yopmail.com,developer
79537,Celestyna,Lemuela,Celestyna.Lemuela@yopmail.com,doctor
71064,Susan,Libna,Susan.Libna@yopmail.com,firefighter
19993,Rosaline,Erb,Rosaline.Erb@yopmail.com,developer
93427,Augustine,Lalitta,Augustine.Lalitta@yopmail.com,developer
9416,Tani,Poll,Tani.Poll@yopmail.com,doctor
22100,Melanie,Pozzy,Melanie.Pozzy@yopmail.com,police officer
25494,Hayley,Tippets,Hayley.Tippets@yopmail.com,doctor
7618,Nataline,Loleta,Nataline.Loleta@yopmail.com,developer
5888,Jenda,Colleen,Jenda.Colleen@yopmail.com,developer
43112,Leontine,Nance,Leontine.Nance@yopmail.com,doctor
81484,Cyndie,Cath,Cyndie.Cath@yopmail.com,worker
47529,Addia,Billye,Addia.Billye@yopmail.com,worker
85204,Roseline,Kamaria,Roseline.Kamaria@yopmail.com,worker
66772,Gale,Vale,Gale.Vale@yopmail.com,firefighter
87110,Rochette,Jary,Rochette.Jary@yopmail.com,doctor
77710,Susette,Toni,Susette.Toni@yopmail.com,doctor
5809,Esmeralda,Kirbee,Esmeralda.Kirbee@yopmail.com,doctor
90410,Micheline,Schalles,Micheline.Schalles@yopmail.com,police officer
81969,Ingrid,Denis,Ingrid.Denis@yopmail.com,police officer
98849,Ezmeralda,Concha,Ezmeralda.Concha@yopmail.com,police officer
65707,Penelopa,Ajay,Penelopa.Ajay@yopmail.com,firefighter
7084,Rochette,Niles,Rochette.Niles@yopmail.com,firefighter
44632,Barbi,Luhe,Barbi.Luhe@yopmail.com,developer
25123,Suzette,Cherianne,Suzette.Cherianne@yopmail.com,firefighter
73566,Kimberley,Ventre,Kimberley.Ventre@yopmail.com,police officer
64907,Eve,Ochs,Eve.Ochs@yopmail.com,firefighter
7253,Kayla,Joachim,Kayla.Joachim@yopmail.com,worker
29262,Lizzie,Jaylene,Lizzie.Jaylene@yopmail.com,developer
88286,Renie,Medrek,Renie.Medrek@yopmail.com,developer
55414,Elvira,Yorick,Elvira.Yorick@yopmail.com,developer
21821,Rebeca,MacIntosh,Rebeca.MacIntosh@yopmail.com,developer
5385,Rori,Bartlett,Rori.Bartlett@yopmail.com,police officer
92362,Verla,Kirbee,Verla.Kirbee@yopmail.com,worker
65563,Odessa,Cohdwell,Odessa.Cohdwell@yopmail.com,worker
74593,Paulita,Richers,Paulita.Richers@yopmail.com,developer
37809,Tina,Wooster,Tina.Wooster@yopmail.com,developer
31860,Cacilie,Granoff,Cacilie.Granoff@yopmail.com,doctor
50923,Dari,Aprile,Dari.Aprile@yopmail.com,worker
55486,Valeda,Flyn,Valeda.Flyn@yopmail.com,firefighter
22730,Orelia,Gwenore,Orelia.Gwenore@yopmail.com,police officer
39038,Larine,Israeli,Larine.Israeli@yopmail.com,developer
8553,Jennica,O'Rourke,Jennica.O'Rourke@yopmail.com,worker
35359,Mignon,Estella,Mignon.Estella@yopmail.com,firefighter
78592,Olivette,Delila,Olivette.Delila@yopmail.com,police officer
8123,Pearline,Macey,Pearline.Macey@yopmail.com,worker
53592,Neila,Garbe,Neila.Garbe@yopmail.com,doctor
18303,Fred,Tippets,Fred.Tippets@yopmail.com,worker
8980,Philis,Allina,Philis.Allina@yopmail.com,doctor
37193,Dede,Ovid,Dede.Ovid@yopmail.com,firefighter
37661,Bill,Gusella,Bill.Gusella@yopmail.com,firefighter
21714,Jinny,Arquit,Jinny.Arquit@yopmail.com,worker
27423,Alisha,Travax,Alisha.Travax@yopmail.com,worker
9755,Tabbatha,Byrne,Tabbatha.Byrne@yopmail.com,worker
85270,Isa,Toni,Isa.Toni@yopmail.com,police officer
27139,Beatriz,Blake,Beatriz.Blake@yopmail.com,police officer
20574,Concettina,Wadell,Concettina.Wadell@yopmail.com,developer
68042,Trudie,Radu,Trudie.Radu@yopmail.com,doctor
5438,Dominga,Nicoline,Dominga.Nicoline@yopmail.com,firefighter
5028,Tami,Fax,Tami.Fax@yopmail.com,developer
42028,Quintina,Fleeta,Quintina.Fleeta@yopmail.com,firefighter
62276,Gabriellia,Codding,Gabriellia.Codding@yopmail.com,police officer
13626,Flory,Eugenia,Flory.Eugenia@yopmail.com,police officer
89237,Myriam,Diogenes,Myriam.Diogenes@yopmail.com,developer
31004,Hettie,Turne,Hettie.Turne@yopmail.com,firefighter
66369,Nannie,Rustice,Nannie.Rustice@yopmail.com,doctor
19386,Tani,Hull,Tani.Hull@yopmail.com,doctor
53750,Deane,Geffner,Deane.Geffner@yopmail.com,developer
15413,Sindee,Suanne,Sindee.Suanne@yopmail.com,firefighter
41432,Bernardine,Ferrell,Bernardine.Ferrell@yopmail.com,firefighter
74059,Renie,Kunin,Renie.Kunin@yopmail.com,developer
72060,Tani,Fiann,Tani.Fiann@yopmail.com,doctor
1301,Loree,Brandice,Loree.Brandice@yopmail.com,worker
2345,Mady,Haldas,Mady.Haldas@yopmail.com,worker
19003,Sashenka,Amethist,Sashenka.Amethist@yopmail.com,worker
25093,Trixi,Idelia,Trixi.Idelia@yopmail.com,firefighter
3658,Shirlee,Wenoa,Shirlee.Wenoa@yopmail.com,worker
17462,Roz,Thunell,Roz.Thunell@yopmail.com,developer
7520,Beth,Bennie,Beth.Bennie@yopmail.com,doctor
54641,Harrietta,Goddard,Harrietta.Goddard@yopmail.com,developer
93215,Daryl,Lutero,Daryl.Lutero@yopmail.com,developer
76671,Beverley,Phyllis,Beverley.Phyllis@yopmail.com,firefighter
98262,Almeta,Konyn,Almeta.Konyn@yopmail.com,police officer
68209,Sophia,Dex,Sophia.Dex@yopmail.com,developer
87010,Flory,Arquit,Flory.Arquit@yopmail.com,police officer
92519,Nickie,Georas,Nickie.Georas@yopmail.com,worker
99320,Jackie,Salvidor,Jackie.Salvidor@yopmail.com,worker
95862,Hollie,Abbot,Hollie.Abbot@yopmail.com,firefighter
49428,Konstance,Darbie,Konstance.Darbie@yopmail.com,firefighter
28570,Jan,Henrie,Jan.Henrie@yopmail.com,firefighter
83817,Hettie,Dermott,Hettie.Dermott@yopmail.com,firefighter
4384,Annice,Talia,Annice.Talia@yopmail.com,firefighter
37630,Sheelagh,Longfellow,Sheelagh.Longfellow@yopmail.com,police officer
18483,Brena,Fadiman,Brena.Fadiman@yopmail.com,worker
95029,Kirbee,Phi,Kirbee.Phi@yopmail.com,doctor
39958,Jordan,Carri,Jordan.Carri@yopmail.com,worker
11815,Mariele,Gilmour,Mariele.Gilmour@yopmail.com,police officer
12583,Frances,Linehan,Frances.Linehan@yopmail.com,worker
81258,Lily,Wooster,Lily.Wooster@yopmail.com,developer
61455,Ottilie,Shaddock,Ottilie.Shaddock@yopmail.com,worker
46113,Katuscha,Cyrie,Katuscha.Cyrie@yopmail.com,doctor
49107,Jany,Orlene,Jany.Orlene@yopmail.com,worker
84639,Luci,Vorster,Luci.Vorster@yopmail.com,worker
51869,Elsie,Maribeth,Elsie.Maribeth@yopmail.com,worker
45214,Heddie,Jerald,Heddie.Jerald@yopmail.com,developer
67730,Codie,Uund,Codie.Uund@yopmail.com,firefighter
9220,Linet,Ellerey,Linet.Ellerey@yopmail.com,police officer
23628,Augustine,Hewitt,Augustine.Hewitt@yopmail.com,doctor
34112,Shaine,Danby,Shaine.Danby@yopmail.com,police officer
81996,Christal,Lattie,Christal.Lattie@yopmail.com,developer
95059,Drucie,Lunsford,Drucie.Lunsford@yopmail.com,developer
6480,Elsie,Hutchison,Elsie.Hutchison@yopmail.com,police officer
13548,Mariann,Lail,Mariann.Lail@yopmail.com,police officer
20971,Nessie,Goode,Nessie.Goode@yopmail.com,developer
97768,Barbara,Astra,Barbara.Astra@yopmail.com,police officer
64495,Alia,Lowry,Alia.Lowry@yopmail.com,firefighter
65401,Carly,Tarrant,Carly.Tarrant@yopmail.com,worker
92442,Elka,Wiener,Elka.Wiener@yopmail.com,police officer
11956,Nessie,Chauncey,Nessie.Chauncey@yopmail.com,developer
61594,Lenna,Shirberg,Lenna.Shirberg@yopmail.com,firefighter
63995,Kore,Skurnik,Kore.Skurnik@yopmail.com,doctor
50187,Isa,Charmine,Isa.Charmine@yopmail.com,police officer
51689,Olivette,Moseley,Olivette.Moseley@yopmail.com,police officer
95879,Nicoli,Randene,Nicoli.Randene@yopmail.com,worker
50956,Bernie,Ricarda,Bernie.Ricarda@yopmail.com,police officer
53601,Gusty,Turne,Gusty.Turne@yopmail.com,developer
52045,Cristabel,Amadas,Cristabel.Amadas@yopmail.com,police officer
21011,Mary,Danby,Mary.Danby@yopmail.com,firefighter
93797,Elie,Stelle,Elie.Stelle@yopmail.com,doctor
14989,Cristabel,Kellby,Cristabel.Kellby@yopmail.com,worker
85957,Myrtice,Tiffa,Myrtice.Tiffa@yopmail.com,firefighter
88085,Olivette,Nahum,Olivette.Nahum@yopmail.com,police officer
92164,Valera,Pozzy,Valera.Pozzy@yopmail.com,firefighter
17079,Jsandye,Federica,Jsandye.Federica@yopmail.com,developer
9702,Cassondra,Saint,Cassondra.Saint@yopmail.com,developer
32268,Judy,Rustice,Judy.Rustice@yopmail.com,firefighter
31023,Ricky,Ortrude,Ricky.Ortrude@yopmail.com,police officer
9051,Alameda,Alwin,Alameda.Alwin@yopmail.com,worker
49592,Jemie,Kalinda,Jemie.Kalinda@yopmail.com,police officer
48178,Lexine,Sallyann,Lexine.Sallyann@yopmail.com,worker
1318,Larine,Masao,Larine.Masao@yopmail.com,developer
42911,Alameda,Wilona,Alameda.Wilona@yopmail.com,developer
58198,Amii,Vernier,Amii.Vernier@yopmail.com,worker
42446,Ashlee,Pettiford,Ashlee.Pettiford@yopmail.com,firefighter
66303,Blake,Sherrie,Blake.Sherrie@yopmail.com,police officer
70868,Siana,Delacourt,Siana.Delacourt@yopmail.com,worker
47650,Rayna,Presber,Rayna.Presber@yopmail.com,worker
9740,Adele,Ophelia,Adele.Ophelia@yopmail.com,worker
53612,Moyna,Lorain,Moyna.Lorain@yopmail.com,firefighter
30290,Melisent,Lewes,Melisent.Lewes@yopmail.com,doctor
22853,Christy,Ader,Christy.Ader@yopmail.com,developer
83306,Yolane,Faro,Yolane.Faro@yopmail.com,worker
96229,Marita,Terencio,Marita.Terencio@yopmail.com,doctor
60384,Kirstin,Kimmie,Kirstin.Kimmie@yopmail.com,doctor
95210,Amalie,Bettine,Amalie.Bettine@yopmail.com,doctor
33815,Annaliese,Carlson,Annaliese.Carlson@yopmail.com,worker
24495,Nataline,Berard,Nataline.Berard@yopmail.com,police officer
23593,Donnie,Judye,Donnie.Judye@yopmail.com,doctor
67830,Meghann,Seessel,Meghann.Seessel@yopmail.com,police officer
63696,Sindee,Radu,Sindee.Radu@yopmail.com,firefighter
11255,Kate,Mullane,Kate.Mullane@yopmail.com,police officer
90374,Karolina,Macey,Karolina.Macey@yopmail.com,police officer
78992,Cherilyn,Modie,Cherilyn.Modie@yopmail.com,doctor
94195,Merry,Annabella,Merry.Annabella@yopmail.com,developer
28224,Millie,Hertzfeld,Millie.Hertzfeld@yopmail.com,firefighter
96976,Millie,Charmine,Millie.Charmine@yopmail.com,police officer
56950,Randa,Ciapas,Randa.Ciapas@yopmail.com,police officer
49260,Minne,Tomasina,Minne.Tomasina@yopmail.com,developer
74596,Phylis,Borrell,Phylis.Borrell@yopmail.com,firefighter
91395,Hayley,Mallon,Hayley.Mallon@yopmail.com,worker
88691,Priscilla,Zitvaa,Priscilla.Zitvaa@yopmail.com,police officer
1195,Lexine,Schwejda,Lexine.Schwejda@yopmail.com,doctor
21600,Rubie,Carri,Rubie.Carri@yopmail.com,worker
46594,Anthia,MacIntosh,Anthia.MacIntosh@yopmail.com,worker
67469,Bill,Caitlin,Bill.Caitlin@yopmail.com,firefighter
92054,Lynnea,Lia,Lynnea.Lia@yopmail.com,firefighter
73214,Joleen,Zamora,Joleen.Zamora@yopmail.com,doctor
76860,Bill,Barney,Bill.Barney@yopmail.com,firefighter
34373,Linzy,Salchunas,Linzy.Salchunas@yopmail.com,doctor
83454,Flory,Swigart,Flory.Swigart@yopmail.com,firefighter
53854,Jinny,Peonir,Jinny.Peonir@yopmail.com,worker
82338,Jacenta,Evvie,Jacenta.Evvie@yopmail.com,firefighter
61729,Ezmeralda,Sasnett,Ezmeralda.Sasnett@yopmail.com,developer
20413,Ofilia,Muriel,Ofilia.Muriel@yopmail.com,developer
89916,Goldie,Afton,Goldie.Afton@yopmail.com,doctor
72085,Frieda,Firmin,Frieda.Firmin@yopmail.com,developer
35282,Dorthy,Seessel,Dorthy.Seessel@yopmail.com,doctor
80774,Peri,Arne,Peri.Arne@yopmail.com,doctor
81494,Susette,Viddah,Susette.Viddah@yopmail.com,firefighter
79697,Berget,Drus,Berget.Drus@yopmail.com,doctor
27824,Elyssa,Lacombe,Elyssa.Lacombe@yopmail.com,police officer
30644,Selia,Shields,Selia.Shields@yopmail.com,worker
32203,Darlleen,Corilla,Darlleen.Corilla@yopmail.com,police officer
40531,Darlleen,Aurelio,Darlleen.Aurelio@yopmail.com,doctor
82051,Barbi,Niles,Barbi.Niles@yopmail.com,police officer
93380,Anica,Whiffen,Anica.Whiffen@yopmail.com,police officer
55918,Wileen,O'Carroll,Wileen.O'Carroll@yopmail.com,doctor
60444,Bobinette,Kalinda,Bobinette.Kalinda@yopmail.com,worker
7301,Gabi,Warthman,Gabi.Warthman@yopmail.com,developer
98327,Basia,Ioab,Basia.Ioab@yopmail.com,police officer
68701,Verla,Carleen,Verla.Carleen@yopmail.com,developer
28616,Nataline,Carlson,Nataline.Carlson@yopmail.com,firefighter
49657,Ana,Desai,Ana.Desai@yopmail.com,firefighter
73971,Jenda,Mandler,Jenda.Mandler@yopmail.com,worker
13005,Elbertina,Yam,Elbertina.Yam@yopmail.com,firefighter
69094,Rosene,Rudolph,Rosene.Rudolph@yopmail.com,developer
92373,Hallie,Gert,Hallie.Gert@yopmail.com,developer
44140,Tomasina,Grobe,Tomasina.Grobe@yopmail.com,firefighter
32236,Emylee,Audly,Emylee.Audly@yopmail.com,developer
6259,Chandra,Remmer,Chandra.Remmer@yopmail.com,firefighter
59735,Reeba,Dalli,Reeba.Dalli@yopmail.com,doctor
79340,Petronia,Center,Petronia.Center@yopmail.com,worker
45168,Andeee,Silvan,Andeee.Silvan@yopmail.com,police officer
50307,Sam,Magdalen,Sam.Magdalen@yopmail.com,doctor
14302,Elbertina,Kenney,Elbertina.Kenney@yopmail.com,doctor
11694,Lynde,Maroney,Lynde.Maroney@yopmail.com,worker
23810,Kenna,Mendez,Kenna.Mendez@yopmail.com,firefighter
78939,Christal,Ranjiv,Christal.Ranjiv@yopmail.com,worker
69936,Helsa,Flyn,Helsa.Flyn@yopmail.com,police officer
7288,Farrah,Judye,Farrah.Judye@yopmail.com,developer
43860,Deane,Pulsifer,Deane.Pulsifer@yopmail.com,firefighter
7610,Laurene,Loring,Laurene.Loring@yopmail.com,worker
3831,Oona,Warthman,Oona.Warthman@yopmail.com,police officer
32387,Augustine,Avi,Augustine.Avi@yopmail.com,worker
29108,Darci,Newell,Darci.Newell@yopmail.com,worker
42775,Aryn,Zina,Aryn.Zina@yopmail.com,firefighter
47123,Carolina,Honoria,Carolina.Honoria@yopmail.com,police officer
23329,Libbie,Sheedy,Libbie.Sheedy@yopmail.com,firefighter
13003,Alexine,Lowry,Alexine.Lowry@yopmail.com,police officer
49761,Pamella,Tristram,Pamella.Tristram@yopmail.com,developer
92474,Adore,Dulciana,Adore.Dulciana@yopmail.com,developer
99566,Dianemarie,Laverne,Dianemarie.Laverne@yopmail.com,firefighter
90815,Jackie,Leopold,Jackie.Leopold@yopmail.com,police officer
9786,Eugine,Erskine,Eugine.Erskine@yopmail.com,doctor
82763,Lexine,Blisse,Lexine.Blisse@yopmail.com,developer
29700,Isa,Phyllis,Isa.Phyllis@yopmail.com,worker
1647,Shauna,Dermott,Shauna.Dermott@yopmail.com,developer
87796,Anallese,Ciro,Anallese.Ciro@yopmail.com,firefighter
1301,Abbie,Sikorski,Abbie.Sikorski@yopmail.com,developer
56587,Mara,Adore,Mara.Adore@yopmail.com,worker
50978,Deloria,Kronfeld,Deloria.Kronfeld@yopmail.com,developer
51405,Kary,Fancie,Kary.Fancie@yopmail.com,firefighter
24624,Susette,Helve,Susette.Helve@yopmail.com,police officer
96608,Lyssa,Faria,Lyssa.Faria@yopmail.com,developer
48960,Doro,Fiester,Doro.Fiester@yopmail.com,police officer
19325,Sabina,Cullin,Sabina.Cullin@yopmail.com,doctor
43895,Keelia,Hashim,Keelia.Hashim@yopmail.com,worker
10174,Catrina,Frodi,Catrina.Frodi@yopmail.com,doctor
21765,Joy,Old,Joy.Old@yopmail.com,firefighter
69779,Marita,Helfand,Marita.Helfand@yopmail.com,doctor
2952,Deedee,Weide,Deedee.Weide@yopmail.com,developer
65535,Sara-Ann,Merriott,Sara-Ann.Merriott@yopmail.com,worker
52234,Monika,Swigart,Monika.Swigart@yopmail.com,developer
16057,Maisey,Margret,Maisey.Margret@yopmail.com,police officer
17451,Belva,Teryn,Belva.Teryn@yopmail.com,firefighter
74341,Delilah,Juliet,Delilah.Juliet@yopmail.com,worker
20117,Candi,Lanita,Candi.Lanita@yopmail.com,firefighter
92188,Charissa,Ricarda,Charissa.Ricarda@yopmail.com,doctor
58565,Roslyn,Wilona,Roslyn.Wilona@yopmail.com,worker
95993,Allis,Brenn,Allis.Brenn@yopmail.com,worker
83417,Georgina,Wu,Georgina.Wu@yopmail.com,developer
85134,Zondra,Rese,Zondra.Rese@yopmail.com,police officer
25578,Tamqrah,O'Carroll,Tamqrah.O'Carroll@yopmail.com,worker
43314,Jan,Thad,Jan.Thad@yopmail.com,worker
60130,Raina,Diann,Raina.Diann@yopmail.com,developer
84639,Allyce,Toffic,Allyce.Toffic@yopmail.com,worker
60116,Pamella,Mauer,Pamella.Mauer@yopmail.com,police officer
14135,Kerrin,Loleta,Kerrin.Loleta@yopmail.com,worker
72592,Catrina,Jethro,Catrina.Jethro@yopmail.com,worker
20536,Peri,Fulmer,Peri.Fulmer@yopmail.com,doctor
12466,Kayla,Saree,Kayla.Saree@yopmail.com,doctor
17727,Melodie,Marsden,Melodie.Marsden@yopmail.com,firefighter
55186,Charlena,Edee,Charlena.Edee@yopmail.com,worker
96061,Maye,Urania,Maye.Urania@yopmail.com,developer
32826,Evaleen,Aldric,Evaleen.Aldric@yopmail.com,police officer
90943,Janeczka,Lorain,Janeczka.Lorain@yopmail.com,developer
17828,Marti,Regan,Marti.Regan@yopmail.com,developer
22905,Vita,Cloris,Vita.Cloris@yopmail.com,firefighter
57552,Krystle,Duwalt,Krystle.Duwalt@yopmail.com,doctor
74697,Laure,Lail,Laure.Lail@yopmail.com,police officer
13681,Fred,Vary,Fred.Vary@yopmail.com,firefighter
70192,Elora,Ahab,Elora.Ahab@yopmail.com,developer
20430,Evaleen,Ax,Evaleen.Ax@yopmail.com,developer
9455,Amelia,Bertold,Amelia.Bertold@yopmail.com,doctor
26095,Emmey,Hedve,Emmey.Hedve@yopmail.com,developer
30100,Dianemarie,Klotz,Dianemarie.Klotz@yopmail.com,developer
13050,Shandie,Jerold,Shandie.Jerold@yopmail.com,firefighter
68182,Karly,Noelyn,Karly.Noelyn@yopmail.com,worker
10404,Hope,Joachim,Hope.Joachim@yopmail.com,doctor
51262,Elie,Docilla,Elie.Docilla@yopmail.com,developer
13666,Althea,Hachmin,Althea.Hachmin@yopmail.com,firefighter
6477,Dari,Phaidra,Dari.Phaidra@yopmail.com,police officer
1440,Vinita,Winnick,Vinita.Winnick@yopmail.com,developer
19645,Liana,Vale,Liana.Vale@yopmail.com,worker
27923,Mireielle,Hanshaw,Mireielle.Hanshaw@yopmail.com,firefighter
22678,Tina,Kalinda,Tina.Kalinda@yopmail.com,developer
78746,Reeba,Ardra,Reeba.Ardra@yopmail.com,doctor
14714,Aeriela,Joeann,Aeriela.Joeann@yopmail.com,worker
65085,Karina,Belldas,Karina.Belldas@yopmail.com,police officer
59085,Gavrielle,Mike,Gavrielle.Mike@yopmail.com,police officer
72493,Marcy,Lail,Marcy.Lail@yopmail.com,doctor
80954,Sadie,Cornelia,Sadie.Cornelia@yopmail.com,worker
44729,Teriann,Rhu,Teriann.Rhu@yopmail.com,firefighter
72480,Esmeralda,Hanshaw,Esmeralda.Hanshaw@yopmail.com,developer
8495,Laurene,Estella,Laurene.Estella@yopmail.com,firefighter
17457,Adriana,Narton,Adriana.Narton@yopmail.com,developer
61765,Consuela,Jehu,Consuela.Jehu@yopmail.com,doctor
60293,Arlina,Jacqui,Arlina.Jacqui@yopmail.com,police officer
60204,Elka,Kimmie,Elka.Kimmie@yopmail.com,police officer
40305,Alex,Beebe,Alex.Beebe@yopmail.com,doctor
82259,Lucy,Agle,Lucy.Agle@yopmail.com,doctor
40678,Alyssa,Craggie,Alyssa.Craggie@yopmail.com,worker
67919,Rhoda,Valoniah,Rhoda.Valoniah@yopmail.com,police officer
79075,Etta,Fabiola,Etta.Fabiola@yopmail.com,firefighter
72630,Fina,Yuille,Fina.Yuille@yopmail.com,doctor
22290,Berta,Emmaline,Berta.Emmaline@yopmail.com,worker
37842,Imojean,Brotherson,Imojean.Brotherson@yopmail.com,doctor
44986,Flory,Roumell,Flory.Roumell@yopmail.com,developer
43363,Margalo,Baylor,Margalo.Baylor@yopmail.com,doctor
1179,Maye,Mandler,Maye.Mandler@yopmail.com,police officer
88758,Shel,Trinetta,Shel.Trinetta@yopmail.com,developer
29463,Trudie,Mathilde,Trudie.Mathilde@yopmail.com,doctor
62631,Beverley,Jacinda,Beverley.Jacinda@yopmail.com,doctor
29743,Vita,Haymes,Vita.Haymes@yopmail.com,worker
46839,Krystle,Atcliffe,Krystle.Atcliffe@yopmail.com,developer
60207,Theodora,Harl,Theodora.Harl@yopmail.com,doctor
28308,Doro,Gaspard,Doro.Gaspard@yopmail.com,police officer
80577,Celestyna,Estella,Celestyna.Estella@yopmail.com,police officer
68229,Kimmy,Whiffen,Kimmy.Whiffen@yopmail.com,developer
26942,Florie,Dorothy,Florie.Dorothy@yopmail.com,developer
90115,Molli,Emmaline,Molli.Emmaline@yopmail.com,developer
77802,Laurene,Lay,Laurene.Lay@yopmail.com,police officer
91562,Lyssa,Orlene,Lyssa.Orlene@yopmail.com,doctor
96475,Hayley,Kristi,Hayley.Kristi@yopmail.com,worker
15524,Janenna,Pearse,Janenna.Pearse@yopmail.com,doctor
25530,Liana,Euridice,Liana.Euridice@yopmail.com,developer
98600,Dorene,Bollay,Dorene.Bollay@yopmail.com,worker
77376,Joane,Kevon,Joane.Kevon@yopmail.com,police officer
95002,Katleen,Goth,Katleen.Goth@yopmail.com,developer
36519,Camile,Lamoree,Camile.Lamoree@yopmail.com,doctor
1561,Vinita,Guthrie,Vinita.Guthrie@yopmail.com,worker
75057,Annabela,Fredi,Annabela.Fredi@yopmail.com,doctor
43736,Kamilah,Shaddock,Kamilah.Shaddock@yopmail.com,police officer
379,Letizia,Miru,Letizia.Miru@yopmail.com,developer
5774,Lacie,Germann,Lacie.Germann@yopmail.com,firefighter
60273,Loree,Freddi,Loree.Freddi@yopmail.com,doctor
1000,Ezmeralda,Doig,Ezmeralda.Doig@yopmail.com,worker
84090,Jacenta,Irmine,Jacenta.Irmine@yopmail.com,police officer
90444,Edyth,Alisia,Edyth.Alisia@yopmail.com,police officer
39437,Desirae,Juliet,Desirae.Juliet@yopmail.com,police officer
43051,Netty,Donell,Netty.Donell@yopmail.com,worker
15426,Ilse,Jefferey,Ilse.Jefferey@yopmail.com,doctor
84066,Candi,Gwenore,Candi.Gwenore@yopmail.com,police officer
8958,Gabriellia,Raul,Gabriellia.Raul@yopmail.com,police officer
42793,Bernie,Rogerio,Bernie.Rogerio@yopmail.com,police officer
33319,Bee,Philoo,Bee.Philoo@yopmail.com,firefighter
57792,Lilith,Elbertina,Lilith.Elbertina@yopmail.com,police officer
13084,Vinita,Hessler,Vinita.Hessler@yopmail.com,doctor
80610,Charmaine,Melan,Charmaine.Melan@yopmail.com,police officer
12881,Marnia,Zola,Marnia.Zola@yopmail.com,worker
76871,Monika,Jorgan,Monika.Jorgan@yopmail.com,doctor
73005,Gratia,Leary,Gratia.Leary@yopmail.com,firefighter
75658,Mireielle,Clie,Mireielle.Clie@yopmail.com,worker
2288,Janenna,Stuart,Janenna.Stuart@yopmail.com,police officer
68423,Dulcinea,Torray,Dulcinea.Torray@yopmail.com,doctor
43511,Sharai,Rosemary,Sharai.Rosemary@yopmail.com,developer
93413,Taffy,Prober,Taffy.Prober@yopmail.com,doctor
4214,Robbi,Minetta,Robbi.Minetta@yopmail.com,worker
81606,Desirae,Muriel,Desirae.Muriel@yopmail.com,firefighter
44735,Hollie,Daveta,Hollie.Daveta@yopmail.com,firefighter
97509,Kimmy,Eckblad,Kimmy.Eckblad@yopmail.com,doctor
82574,Pamella,Hachmin,Pamella.Hachmin@yopmail.com,firefighter
72052,Courtnay,Judye,Courtnay.Judye@yopmail.com,worker
6677,Nariko,Winnick,Nariko.Winnick@yopmail.com,firefighter
86085,Fina,Fancie,Fina.Fancie@yopmail.com,developer
37595,Gui,Lenny,Gui.Lenny@yopmail.com,police officer
69095,Bill,Frodi,Bill.Frodi@yopmail.com,police officer
69629,Halette,Chabot,Halette.Chabot@yopmail.com,doctor
53996,Lanae,Tayib,Lanae.Tayib@yopmail.com,developer
18688,Arabel,Rosalba,Arabel.Rosalba@yopmail.com,developer
12809,Marleah,Fiann,Marleah.Fiann@yopmail.com,police officer
26577,Roz,Wallis,Roz.Wallis@yopmail.com,police officer
22481,Clary,Hoenack,Clary.Hoenack@yopmail.com,worker
81942,Rosaline,Ax,Rosaline.Ax@yopmail.com,developer
10962,Olivette,Standing,Olivette.Standing@yopmail.com,firefighter
44157,Lindie,Bultman,Lindie.Bultman@yopmail.com,developer
80295,Althea,Regan,Althea.Regan@yopmail.com,police officer
76047,Augustine,Waldron,Augustine.Waldron@yopmail.com,doctor
70520,Steffane,Toffic,Steffane.Toffic@yopmail.com,doctor
57963,Florencia,Mintz,Florencia.Mintz@yopmail.com,worker
1473,Correy,Birdella,Correy.Birdella@yopmail.com,worker
81355,Sashenka,Sharl,Sashenka.Sharl@yopmail.com,developer
10234,Reeba,Natalia,Reeba.Natalia@yopmail.com,firefighter
40292,Dale,Anestassia,Dale.Anestassia@yopmail.com,developer
78225,Emmey,Hourigan,Emmey.Hourigan@yopmail.com,worker
75167,Zondra,Seligman,Zondra.Seligman@yopmail.com,firefighter
73995,Katharina,Caitlin,Katharina.Caitlin@yopmail.com,developer
84478,Betta,Colleen,Betta.Colleen@yopmail.com,police officer
48844,Helena,Kermit,Helena.Kermit@yopmail.com,developer
36727,Jemie,Llovera,Jemie.Llovera@yopmail.com,police officer
20981,Marita,Casimir,Marita.Casimir@yopmail.com,developer
73126,Aeriela,Kravits,Aeriela.Kravits@yopmail.com,police officer
61082,Dania,Vins,Dania.Vins@yopmail.com,firefighter
90877,Keelia,Gino,Keelia.Gino@yopmail.com,firefighter
1360,Shaylyn,Klotz,Shaylyn.Klotz@yopmail.com,police officer
54333,Amii,Thunell,Amii.Thunell@yopmail.com,developer
39053,Olivette,Beniamino,Olivette.Beniamino@yopmail.com,developer
10050,Lulita,Drus,Lulita.Drus@yopmail.com,developer
34599,Edee,Wandie,Edee.Wandie@yopmail.com,doctor
54497,Mara,Hepsibah,Mara.Hepsibah@yopmail.com,developer
77930,Paola,Nunci,Paola.Nunci@yopmail.com,doctor
27633,Kassey,Ioab,Kassey.Ioab@yopmail.com,developer
34751,Genovera,Justinn,Genovera.Justinn@yopmail.com,firefighter
90051,Queenie,Lowry,Queenie.Lowry@yopmail.com,police officer
40323,Dode,Cressida,Dode.Cressida@yopmail.com,doctor
94424,Mary,Graig,Mary.Graig@yopmail.com,firefighter
55233,Gianina,Ralfston,Gianina.Ralfston@yopmail.com,doctor
78828,Giustina,Dominy,Giustina.Dominy@yopmail.com,developer
96834,Thalia,Imelida,Thalia.Imelida@yopmail.com,police officer
36404,Aili,Buttaro,Aili.Buttaro@yopmail.com,police officer
195,Lelah,Arquit,Lelah.Arquit@yopmail.com,police officer
88380,Cassandra,Mallon,Cassandra.Mallon@yopmail.com,doctor
56588,Melanie,Freddi,Melanie.Freddi@yopmail.com,worker
66875,Judy,Croix,Judy.Croix@yopmail.com,firefighter
80325,Fredericka,Shama,Fredericka.Shama@yopmail.com,doctor
52087,Eugine,Peonir,Eugine.Peonir@yopmail.com,worker
48372,Jillayne,Jefferey,Jillayne.Jefferey@yopmail.com,police officer
4991,Marti,Mozelle,Marti.Mozelle@yopmail.com,firefighter
41950,Bibby,Forrer,Bibby.Forrer@yopmail.com,doctor
3717,Alie,Taima,Alie.Taima@yopmail.com,police officer
53195,Marleah,Zenas,Marleah.Zenas@yopmail.com,firefighter
41045,Elfreda,Longfellow,Elfreda.Longfellow@yopmail.com,developer
6922,Anestassia,Albertine,Anestassia.Albertine@yopmail.com,worker
7303,Liana,Rosette,Liana.Rosette@yopmail.com,worker
48346,Hannis,Mauer,Hannis.Mauer@yopmail.com,developer
83896,Addia,Pearse,Addia.Pearse@yopmail.com,firefighter
62024,Roseline,Lilybelle,Roseline.Lilybelle@yopmail.com,doctor
41093,Mildrid,Jotham,Mildrid.Jotham@yopmail.com,firefighter
84025,Cacilie,Francyne,Cacilie.Francyne@yopmail.com,doctor
36710,Charissa,Israeli,Charissa.Israeli@yopmail.com,developer
89914,Sidoney,Pillsbury,Sidoney.Pillsbury@yopmail.com,developer
85613,Susette,Moseley,Susette.Moseley@yopmail.com,firefighter
10900,Mary,Sherrie,Mary.Sherrie@yopmail.com,firefighter
69087,Rubie,Edee,Rubie.Edee@yopmail.com,developer
16518,Rhoda,Daniele,Rhoda.Daniele@yopmail.com,doctor
30728,Hollie,Morrill,Hollie.Morrill@yopmail.com,doctor
9917,Kristan,Blisse,Kristan.Blisse@yopmail.com,developer
74253,Kore,Warthman,Kore.Warthman@yopmail.com,developer
89347,Ericka,Lymann,Ericka.Lymann@yopmail.com,developer
28448,Asia,Juliet,Asia.Juliet@yopmail.com,doctor
41430,Mignon,Etom,Mignon.Etom@yopmail.com,police officer
53041,Lesly,Ricki,Lesly.Ricki@yopmail.com,police officer
91486,Allis,Toffic,Allis.Toffic@yopmail.com,developer
67397,Kelly,Peg,Kelly.Peg@yopmail.com,firefighter
87656,Aimil,Knowling,Aimil.Knowling@yopmail.com,doctor
28283,Nollie,Beebe,Nollie.Beebe@yopmail.com,developer
85944,Georgetta,Cottle,Georgetta.Cottle@yopmail.com,doctor
25746,Shaylyn,Diogenes,Shaylyn.Diogenes@yopmail.com,police officer
24860,Livvyy,Orelee,Livvyy.Orelee@yopmail.com,doctor
54448,Randa,Liebermann,Randa.Liebermann@yopmail.com,doctor
43218,Anestassia,Dash,Anestassia.Dash@yopmail.com,worker
3184,Veda,Mayeda,Veda.Mayeda@yopmail.com,developer
79084,Beverley,Euridice,Beverley.Euridice@yopmail.com,police officer
16174,Diena,Nea,Diena.Nea@yopmail.com,developer
57980,Carree,Behre,Carree.Behre@yopmail.com,firefighter
73104,Dagmar,Celestine,Dagmar.Celestine@yopmail.com,firefighter
28466,Annora,Zenas,Annora.Zenas@yopmail.com,doctor
59486,Merle,Primalia,Merle.Primalia@yopmail.com,developer
61523,Marleah,Madelene,Marleah.Madelene@yopmail.com,worker
65908,Eadie,Gaal,Eadie.Gaal@yopmail.com,doctor
44670,Georgina,Beniamino,Georgina.Beniamino@yopmail.com,police officer
52873,Lucille,Pitt,Lucille.Pitt@yopmail.com,police officer
24618,Inga,Jefferey,Inga.Jefferey@yopmail.com,firefighter
62414,Zsa Zsa,Whittaker,Zsa Zsa.Whittaker@yopmail.com,doctor
3857,Kaia,Zrike,Kaia.Zrike@yopmail.com,firefighter
42424,Korrie,Papageno,Korrie.Papageno@yopmail.com,doctor
79320,Dennie,Septima,Dennie.Septima@yopmail.com,firefighter
52987,Alleen,Federica,Alleen.Federica@yopmail.com,police officer
76221,Fernande,Pascia,Fernande.Pascia@yopmail.com,police officer
42276,Mariele,Cosenza,Mariele.Cosenza@yopmail.com,doctor
31215,Christy,Janene,Christy.Janene@yopmail.com,worker
75536,Riannon,Silvan,Riannon.Silvan@yopmail.com,firefighter
20936,Dacia,Talia,Dacia.Talia@yopmail.com,developer
22177,Loree,Noam,Loree.Noam@yopmail.com,firefighter
90702,Stevana,Sundin,Stevana.Sundin@yopmail.com,developer
98519,Rori,Malina,Rori.Malina@yopmail.com,firefighter
21232,Adriana,Cavan,Adriana.Cavan@yopmail.com,worker
51624,Corene,Jefferey,Corene.Jefferey@yopmail.com,doctor
79241,Halette,Hortensia,Halette.Hortensia@yopmail.com,police officer
19586,Vevay,Baudin,Vevay.Baudin@yopmail.com,developer
89837,Florencia,Liva,Florencia.Liva@yopmail.com,developer
80186,Merle,Schwejda,Merle.Schwejda@yopmail.com,doctor
1809,Ricky,Corilla,Ricky.Corilla@yopmail.com,worker
73216,Myrtice,Loeb,Myrtice.Loeb@yopmail.com,doctor
91996,Melisent,Sikorski,Melisent.Sikorski@yopmail.com,developer
5849,Trixi,Ferino,Trixi.Ferino@yopmail.com,doctor
14072,Raf,Susannah,Raf.Susannah@yopmail.com,worker
35150,Mady,Sparhawk,Mady.Sparhawk@yopmail.com,police officer
96724,Melodie,Margarete,Melodie.Margarete@yopmail.com,worker
79441,Kamilah,Sherfield,Kamilah.Sherfield@yopmail.com,firefighter
68946,Nollie,Riva,Nollie.Riva@yopmail.com,firefighter
20273,Coral,Rozanna,Coral.Rozanna@yopmail.com,firefighter
54653,Isa,Berriman,Isa.Berriman@yopmail.com,firefighter
76161,Helena,Audly,Helena.Audly@yopmail.com,firefighter
6076,Emylee,Egbert,Emylee.Egbert@yopmail.com,police officer
33219,Morganica,Boycey,Morganica.Boycey@yopmail.com,firefighter
82143,Keelia,Dermott,Keelia.Dermott@yopmail.com,doctor
58629,Fanny,Stacy,Fanny.Stacy@yopmail.com,police officer
2851,Lexine,Bari,Lexine.Bari@yopmail.com,firefighter
78165,Ronna,Loeb,Ronna.Loeb@yopmail.com,worker
71263,Ingrid,Cleo,Ingrid.Cleo@yopmail.com,doctor
62962,Sheelagh,Lunsford,Sheelagh.Lunsford@yopmail.com,developer
41381,Florie,Noelyn,Florie.Noelyn@yopmail.com,police officer
21741,Charmaine,Kimmie,Charmaine.Kimmie@yopmail.com,doctor
5715,Christian,Pozzy,Christian.Pozzy@yopmail.com,police officer
3939,Gwenneth,Kelula,Gwenneth.Kelula@yopmail.com,worker
41129,Averyl,Lumbard,Averyl.Lumbard@yopmail.com,developer
14920,Phedra,Cleo,Phedra.Cleo@yopmail.com,firefighter
30758,Selia,Bakerman,Selia.Bakerman@yopmail.com,firefighter
62119,Sidoney,Wesle,Sidoney.Wesle@yopmail.com,firefighter
40799,Florie,Arne,Florie.Arne@yopmail.com,worker
28327,Emylee,Tamsky,Emylee.Tamsky@yopmail.com,firefighter
25520,Jacquetta,Gaal,Jacquetta.Gaal@yopmail.com,police officer
46196,Keelia,Vastah,Keelia.Vastah@yopmail.com,firefighter
90070,Amalie,Uund,Amalie.Uund@yopmail.com,doctor
52255,Natka,Lutero,Natka.Lutero@yopmail.com,worker
25929,Gerrie,Greenwald,Gerrie.Greenwald@yopmail.com,police officer
80008,Deirdre,Cleavland,Deirdre.Cleavland@yopmail.com,doctor
33249,Ezmeralda,Rosette,Ezmeralda.Rosette@yopmail.com,police officer
77214,Noelle,Publia,Noelle.Publia@yopmail.com,doctor
82419,Phedra,Martsen,Phedra.Martsen@yopmail.com,developer
7862,Julieta,Kendrick,Julieta.Kendrick@yopmail.com,worker
61123,Mildrid,Gale,Mildrid.Gale@yopmail.com,worker
71711,Vanessa,Leifeste,Vanessa.Leifeste@yopmail.com,police officer
7426,Randa,Larochelle,Randa.Larochelle@yopmail.com,worker
40968,Lizzie,Pond,Lizzie.Pond@yopmail.com,worker
79938,Gertrud,Birdella,Gertrud.Birdella@yopmail.com,developer
42927,Giustina,Gavrila,Giustina.Gavrila@yopmail.com,police officer
95904,Shauna,Lesley,Shauna.Lesley@yopmail.com,police officer
58129,Audrie,Ehrman,Audrie.Ehrman@yopmail.com,police officer
62321,Alyda,Giff,Alyda.Giff@yopmail.com,police officer
51020,Zaria,Elvyn,Zaria.Elvyn@yopmail.com,worker
59066,Leontine,Larochelle,Leontine.Larochelle@yopmail.com,police officer
26349,Anestassia,Codding,Anestassia.Codding@yopmail.com,developer
9145,Caressa,Pierette,Caressa.Pierette@yopmail.com,developer
56934,Dyann,Tryck,Dyann.Tryck@yopmail.com,police officer
9395,Brandise,Hoban,Brandise.Hoban@yopmail.com,police officer
2204,Mady,Primalia,Mady.Primalia@yopmail.com,worker
96316,Lynde,McGrody,Lynde.McGrody@yopmail.com,worker
40928,Joeann,Ursulette,Joeann.Ursulette@yopmail.com,police officer
92261,Adele,Hirsch,Adele.Hirsch@yopmail.com,doctor
1501,Rhea,Ackerley,Rhea.Ackerley@yopmail.com,worker
73458,Ruthe,Quinn,Ruthe.Quinn@yopmail.com,police officer
69983,Lory,Bluh,Lory.Bluh@yopmail.com,doctor
44614,Roslyn,Dermott,Roslyn.Dermott@yopmail.com,worker
84626,Carmencita,Sawtelle,Carmencita.Sawtelle@yopmail.com,firefighter
23704,Lynea,Ilka,Lynea.Ilka@yopmail.com,police officer
65623,Tierney,Lauraine,Tierney.Lauraine@yopmail.com,worker
28311,Giustina,Serilda,Giustina.Serilda@yopmail.com,firefighter
15161,Wynne,Raychel,Wynne.Raychel@yopmail.com,doctor
70642,Alie,Warthman,Alie.Warthman@yopmail.com,worker
73924,Clo,Sancho,Clo.Sancho@yopmail.com,worker
31212,Kylynn,Tengdin,Kylynn.Tengdin@yopmail.com,doctor
4229,Marguerite,Brieta,Marguerite.Brieta@yopmail.com,police officer
52741,Desirae,Lucienne,Desirae.Lucienne@yopmail.com,police officer
5067,Raf,Prouty,Raf.Prouty@yopmail.com,worker
29973,Brandise,Pauly,Brandise.Pauly@yopmail.com,developer
39280,Roz,Gregrory,Roz.Gregrory@yopmail.com,police officer
16517,Ariela,Yate,Ariela.Yate@yopmail.com,police officer
40798,Ulrike,Aida,Ulrike.Aida@yopmail.com,firefighter
68447,Tobe,Schonfeld,Tobe.Schonfeld@yopmail.com,developer
218,Jaclyn,Helfand,Jaclyn.Helfand@yopmail.com,doctor
7253,Petronia,Peti,Petronia.Peti@yopmail.com,worker
71320,Gavrielle,MacIntosh,Gavrielle.MacIntosh@yopmail.com,firefighter
85524,Penelopa,Wooster,Penelopa.Wooster@yopmail.com,doctor
63881,Lesly,Yate,Lesly.Yate@yopmail.com,developer
62475,Nannie,Germann,Nannie.Germann@yopmail.com,doctor
32308,Cathyleen,Vorster,Cathyleen.Vorster@yopmail.com,developer
10102,Carmela,Jefferey,Carmela.Jefferey@yopmail.com,worker
78768,Doro,Payson,Doro.Payson@yopmail.com,worker
30215,Leia,Lorain,Leia.Lorain@yopmail.com,developer
98111,Adelle,Susannah,Adelle.Susannah@yopmail.com,doctor
66076,Tani,Montgomery,Tani.Montgomery@yopmail.com,firefighter
89699,Lauryn,Amasa,Lauryn.Amasa@yopmail.com,police officer
84365,Cam,Clarissa,Cam.Clarissa@yopmail.com,police officer
51293,Tobe,Melan,Tobe.Melan@yopmail.com,worker
24089,Althea,Birdella,Althea.Birdella@yopmail.com,developer
25626,Carol-Jean,Stephie,Carol-Jean.Stephie@yopmail.com,firefighter
58153,Andree,Cookie,Andree.Cookie@yopmail.com,police officer
14859,Helena,Rad,Helena.Rad@yopmail.com,doctor
35228,Charlena,Sabella,Charlena.Sabella@yopmail.com,worker
212,Lelah,Gert,Lelah.Gert@yopmail.com,firefighter
64034,Tonia,Alrich,Tonia.Alrich@yopmail.com,firefighter
70846,Nyssa,Maryanne,Nyssa.Maryanne@yopmail.com,worker
4737,Latisha,Elsinore,Latisha.Elsinore@yopmail.com,police officer
64785,Wendi,Amadas,Wendi.Amadas@yopmail.com,police officer
88338,Renie,Urania,Renie.Urania@yopmail.com,worker
24112,Karena,Natica,Karena.Natica@yopmail.com,firefighter
8605,Sindee,Revkah,Sindee.Revkah@yopmail.com,firefighter
75414,Brietta,Leopold,Brietta.Leopold@yopmail.com,doctor
26906,Melodie,Laurianne,Melodie.Laurianne@yopmail.com,firefighter
12819,Glynnis,Sancho,Glynnis.Sancho@yopmail.com,worker
84249,Doro,Roumell,Doro.Roumell@yopmail.com,developer
93239,Delilah,Teryn,Delilah.Teryn@yopmail.com,doctor
87886,Phedra,Lauraine,Phedra.Lauraine@yopmail.com,worker
68075,Minne,Ochs,Minne.Ochs@yopmail.com,police officer
4087,Lory,Kussell,Lory.Kussell@yopmail.com,developer
8783,Shannah,Israeli,Shannah.Israeli@yopmail.com,police officer
81665,Jenda,Belanger,Jenda.Belanger@yopmail.com,doctor
14292,Sonni,Stanwood,Sonni.Stanwood@yopmail.com,doctor
79611,Ginnie,Delp,Ginnie.Delp@yopmail.com,doctor
73533,Tatiania,Nance,Tatiania.Nance@yopmail.com,worker
90071,Feliza,Truc,Feliza.Truc@yopmail.com,developer
74229,Therine,Guthrie,Therine.Guthrie@yopmail.com,worker
27571,Jenilee,Schenck,Jenilee.Schenck@yopmail.com,doctor
18575,Dorice,Baylor,Dorice.Baylor@yopmail.com,developer
31082,Loree,Arley,Loree.Arley@yopmail.com,doctor
11514,Maridel,Prouty,Maridel.Prouty@yopmail.com,doctor
71517,Farrah,Alabaster,Farrah.Alabaster@yopmail.com,doctor
66674,Lorenza,Morehouse,Lorenza.Morehouse@yopmail.com,doctor
96214,Darlleen,Damarra,Darlleen.Damarra@yopmail.com,police officer
13243,Brooks,Kenney,Brooks.Kenney@yopmail.com,firefighter
88070,Adore,Bach,Adore.Bach@yopmail.com,developer
43655,Carilyn,Minetta,Carilyn.Minetta@yopmail.com,worker
32452,Karina,Jethro,Karina.Jethro@yopmail.com,worker
75415,Clementine,Anderea,Clementine.Anderea@yopmail.com,police officer
1534,Marti,Buckler,Marti.Buckler@yopmail.com,doctor
11312,Lily,Jenness,Lily.Jenness@yopmail.com,firefighter
34719,Arlina,Wu,Arlina.Wu@yopmail.com,doctor
5874,Karly,Mich,Karly.Mich@yopmail.com,developer
19367,Silvana,Lory,Silvana.Lory@yopmail.com,developer
65619,Gavrielle,Fillbert,Gavrielle.Fillbert@yopmail.com,developer
46411,Daryl,Wildermuth,Daryl.Wildermuth@yopmail.com,developer
93279,Margette,Creamer,Margette.Creamer@yopmail.com,doctor
56342,Vonny,Carvey,Vonny.Carvey@yopmail.com,worker
75766,Drucie,Beebe,Drucie.Beebe@yopmail.com,developer
46250,Kaia,Pillsbury,Kaia.Pillsbury@yopmail.com,worker
91109,Karlee,Sheedy,Karlee.Sheedy@yopmail.com,developer
58994,Frank,Talia,Frank.Talia@yopmail.com,doctor
30056,Kara-Lynn,Hillel,Kara-Lynn.Hillel@yopmail.com,police officer
16335,Theodora,Corabella,Theodora.Corabella@yopmail.com,doctor
37862,Angela,Philoo,Angela.Philoo@yopmail.com,firefighter
89621,Joeann,Cottle,Joeann.Cottle@yopmail.com,firefighter
35737,Gabi,Calhoun,Gabi.Calhoun@yopmail.com,worker
97513,Alejandra,Gordon,Alejandra.Gordon@yopmail.com,developer
84199,Luci,Hortensia,Luci.Hortensia@yopmail.com,firefighter
18082,Carol-Jean,Standing,Carol-Jean.Standing@yopmail.com,police officer
60090,Libbie,Baptlsta,Libbie.Baptlsta@yopmail.com,police officer
72638,Rani,Thilda,Rani.Thilda@yopmail.com,police officer
47842,Pamella,Elo,Pamella.Elo@yopmail.com,doctor
41162,Larine,Bakerman,Larine.Bakerman@yopmail.com,worker
9948,Shaylyn,Haymes,Shaylyn.Haymes@yopmail.com,doctor
6158,Fawne,Palocz,Fawne.Palocz@yopmail.com,firefighter
17341,Maurene,Chauncey,Maurene.Chauncey@yopmail.com,doctor
53181,Cecile,Narton,Cecile.Narton@yopmail.com,firefighter
31456,Anestassia,Avi,Anestassia.Avi@yopmail.com,police officer
43507,Marinna,Zitvaa,Marinna.Zitvaa@yopmail.com,worker
30496,Evaleen,Lenny,Evaleen.Lenny@yopmail.com,police officer
72351,Ottilie,Klemperer,Ottilie.Klemperer@yopmail.com,worker
61119,Micheline,Rodmann,Micheline.Rodmann@yopmail.com,worker
72743,Lanae,Presber,Lanae.Presber@yopmail.com,developer
68891,Doro,Tippets,Doro.Tippets@yopmail.com,doctor
29444,Jessy,Buffum,Jessy.Buffum@yopmail.com,developer
76611,Julieta,Fleeta,Julieta.Fleeta@yopmail.com,police officer
9176,Paulita,Hazlett,Paulita.Hazlett@yopmail.com,firefighter
65930,Daune,Hoenack,Daune.Hoenack@yopmail.com,firefighter
54448,Paulita,Calhoun,Paulita.Calhoun@yopmail.com,developer
2977,Camile,Calhoun,Camile.Calhoun@yopmail.com,doctor
22228,Quintina,Letsou,Quintina.Letsou@yopmail.com,police officer
18628,Emylee,Elbertina,Emylee.Elbertina@yopmail.com,doctor